{
    "handler": "Microsoft.Compute.MultiVm",
    "version": "0.1.2-preview",
    "parameters": {
        "basics": [
            {}
        ],
        "steps": [
            {
                "name": "credentialsConfig",
                "label": "VM Credential",
                "subLabel": {
                    "preValidation": "Configure the Web App VM credentials",
                    "postValidation": "Done"
                },
                "bladeTitle": "Credential",
                "elements": [
                    {
                        "name": "adminUsername",
                        "type": "Microsoft.Compute.UserNameTextBox",
                        "label": "User name",
                        "toolTip": "Admin username for the virtual machine",
                        "osPlatform": "Windows",
                        "constraints": {
                            "required": true
                        }
                    },
                    {
                        "name": "adminPassword",
                        "type": "Microsoft.Compute.CredentialsCombo",
                        "label": {
                            "password": "Password",
                            "confirmPassword": "Confirm password"
                        },
                        "toolTip": {
                            "password": "Admin password for the virtual machine"
                        },
                        "osPlatform": "Windows",
                        "constraints": {
                            "required": true
                        }
                    }
                ]
            },
            {
                "name": "vmConfig",
                "label": "Web App Virtual Machine settings",
                "subLabel": {
                    "preValidation": "Configure the virtual machine settings",
                    "postValidation": "Done"
                },
                "bladeTitle": "Web App VM Settings",
                "elements": [
                    {
                        "name": "vmNamePrefix",
                        "type": "Microsoft.Common.TextBox",
                        "label": "Virtual Machine Name prefix",
                        "toolTip": "Prefix of the VM for your web app",
                        "defaultValue": "",
                        "constraints": {
                            "required": true,
                            "regex": "[a-z][a-z0-9-]{2,5}[a-z0-9]$",
                            "validationMessage": "Must be 3-5 characters."
                        }
                    },
                    {
                        "name": "vmSize",
                        "type": "Microsoft.Compute.SizeSelector",
                        "label": "Virtual machine size",
                        "toolTip": "The size of the virtual machine for web app",
                        "recommendedSizes": [
                            "Standard_D1_v2"
                        ],
                        "constraints": {
                            "allowedSizes": [
                                "Standard_D1_v2"
                            ]
                        },
                        "osPlatform": "Windows",
                        "count": 1
                    }
                ]
            },
            {
                "name": "webConfig",
                "label": "Web App settings",
                "subLabel": {
                    "preValidation": "Configure the web app endpoint",
                    "postValidation": "Done"
                },
                "bladeTitle": "Web App Endpoint settings",
                "elements": [
                    {
                        "name": "dnsAndPublicIP",
                        "type": "Microsoft.Network.PublicIpAddressCombo",
                        "label": {
                            "publicIpAddress": "Public IP address",
                            "domainNameLabel": "DNS label"
                        },
                        "toolTip": {
                            "domainNameLabel": "DNS endpoint for the Managed Web App IP address."
                        },
                        "defaultValue": {
                            "publicIpAddressName": "ip01"
                        },
                        "options": {
                            "hideNone": true,
                            "hideDomainNameLabel": false
                        },
                        "constraints": {
                            "required": {
                                "domainNameLabel": true
                            }
                        }
                    },
                    {
                        "name": "management",
                        "type": "Microsoft.Common.OptionsGroup",
                        "label": "Enable premium management?",
                        "defaultValue": "Yes",
                        "toolTip": "Select Yes to set up premium management for the virtual machines and web app",
                        "constraints": {
                            "allowedValues": [
                                {
                                    "label": "Yes",
                                    "value": "Yes"
                                },
                                {
                                    "label": "No",
                                    "value": "No"
                                }
                            ]
                        },
                        "visible": true
                    }
                ]
            }
        ],
        "outputs": {
            "location": "[location()]",
            "vmSize": "[steps('vmConfig').vmSize]",
            "vmNamePrefix": "[steps('vmConfig').vmNamePrefix]",
            "userName": "[steps('credentialsConfig').adminUsername]",
            "pwd": "[steps('credentialsConfig').adminPassword.password]",
            "dnsName": "[steps('webConfig').dnsAndPublicIP.domainNameLabel]",
            "publicIPAddressName": "[steps('webConfig').dnsAndPublicIP.name]",
            "enablePremiumManagement": "[steps('webConfig').management]"
        }
    }
}